"nombres","correos"
"Thomas  Montero","thomas.montero@estudiantes.uamerica.edu.co"
"Natalia Rico","natalia.rico@estudiantes.uamerica.edu.co"
"Maria Camacho","maria.camacho@estudiantes.uamerica.edu.co"
"Nicol Gomez","nicol.gomez@estudiantes.uamerica.edu.co"
"Erika Molina","erika.molina@estudiantes.uamerica.edu.co"
"Juliana  Lozano","juliana.lozano@estudiantes.uamerica.edu.co"
"Santiago Montes","santiago.montes@estudiantes.uamerica.edu.co"
